{
  "menu": [
    {
      "name": "Inicio",
      "icon": "menu-icon tf-icons bx bx-home-circle",
      "slug": "dashboard",
      "url": "/"
    },
    {
      "name": "Materias Primas",
      "icon": "menu-icon tf-icons bx bx-box",
      "slug": "raw-materials",
      "url": "/raw-materials"
    },
    {
      "name": "Proveedores",
      "icon": "menu-icon tf-icons bx bx-user",
      "slug": "suppliers",
      "url": "/suppliers"
    },
    {
      "name": "Ordenes de Compra",
      "icon": "menu-icon tf-icons bx bx-shopping-bag",
      "slug": "supplier-orders",
      "url": "/supplier-orders"
    },
    {
      "name": "Stock",
      "icon": "menu-icon tf-icons bx bx-package",
      "slug": "stock",
      "url": "/stock"
    },
    {
      "name": "Contabilidad",
      "icon": "menu-icon tf-icons bx bx-dollar",
      "slug": "accounting",
      "submenu": [
        {
          "url": "/invoices",
          "name": "Facturas",
          "slug": "invoices"
        },
        {
          "url": "/receipts",
          "name": "Recibos",
          "slug": "receipts"
        },
        {
          "url": "/entries",
          "name": "Asientos",
          "slug": "entries"
        }
      ]
    },
    {
      "name": "Clientes",
      "icon": "menu-icon tf-icons bx bx-user",
      "slug": "clients",
      "url": "/clients"
    },
    {
      "name": "E-Commerce",
      "icon": "menu-icon tf-icons bx bx-world",
      "slug": "ecommerce",
      "submenu": [
        {
          "url": "orders",
          "name": "Pedidos",
          "slug": "orders"
        },
        {
          "url": "products",
          "name": "Productos",
          "slug": "products"
        },
        {
          "url": "product-attributes",
          "name": "Sabores",
          "slug": "product-attributes"
        },
        {
          "url": "product-categories",
          "name": "Categorías",
          "slug": "product-categories"
        },
        {
          "url": "/ecommerce/marketing",
          "name": "Marketing",
          "slug": "marketing"
        },
        {
          "url": "/ecommerce/settings",
          "name": "Configuración",
          "slug": "settings"
        }
      ]
    },
    {
      "name": "Omnicanalidad",
      "icon": "menu-icon tf-icons bx bx-network-chart",
      "slug": "omnichannel",
      "url": "/omnichannel"
    },
    {
      "name": "Datacenter",
      "icon": "menu-icon tf-icons bx bx-line-chart",
      "slug": "datacenter",
      "url": "/datacenter"
    },
    {
      "name": "CRM",
      "icon": "menu-icon tf-icons bx bx-group",
      "slug": "crm",
      "url": "/crm"
    },
    {
      "name": "Tiendas",
      "icon": "menu-icon tf-icons bx bx-store-alt",
      "slug": "stores",
      "url": "/stores"
    },
    {
      "name": "Roles",
      "icon": "menu-icon tf-icons bx bx-user",
      "slug": "roles",
      "url": "/roles"
    }
  ]
}
