[
  {
    "id": "board-in-progress",
    "title": "Primer Contacto",
    "item": [
      {
        "id": "in-progress-1",
        "title": "Rodelú Pqe. Rodó",
        "comments": "12",
        "badge-text": "Primer Contacto",
        "badge": "info",
        "due-date": "5 April",
        "attachments": "4"
      },
      {
        "id": "in-progress-1",
        "title": "Bar Sarmiento",
        "comments": "12",
        "badge-text": "Primer Contacto",
        "badge": "info",
        "due-date": "5 April",
        "attachments": "4"
      },      {
        "id": "in-progress-1",
        "title": "Lo de Rick",
        "comments": "12",
        "badge-text": "Primer Contacto",
        "badge": "info",
        "due-date": "5 April",
        "attachments": "4"
      },
      {
        "id": "in-progress-2",
        "title": "Ancap Aeropuerto",
        "comments": "8",
        "badge-text": "Primer Contacto",
        "badge": "info",
        "attachments": "2",
        "due-date": "10 April",
        "assigned": [
          "3.png",
          "8.png"
        ],
        "members": [
          "Helena",
          "Iris"
        ]
      }
    ]
  },
  {
    "id": "board-in-review",
    "title": "Enviado",
    "item": [
      {
        "id": "in-review-1",
        "title": "Ancap Pinar",
        "comments": "17",
        "badge-text": "Propuesta enviada",
        "badge": "warning",
        "due-date": "8 April",
        "attachments": "8"
      },
      {
        "id": "in-review-2",
        "title": "Mar Abierto",
        "comments": "18",
        "badge-text": "Propuesta enviada",
        "badge": "warning",
        "due-date": "2 April",
        "attachments": "10"
      }
    ]
  },
  {
    "id": "board-done",
    "title": "Aceptado",
    "item": [
      {
        "id": "done-1",
        "title": "Ancap Centro",
        "comments": "4",
        "badge-text": "Aceptado",
        "badge": "success",
        "due-date": "7 April",
        "attachments": "1"
      },
      {
        "id": "done-2",
        "title": "Rodelú Pta. del Este",
        "comments": "21",
        "badge-text": "Aceptado",
        "badge": "success",
        "due-date": "7 April",
        "attachments": "6",
        "assigned": [
          "1.png"
        ],
        "members": [
          "Sarah"
        ]
      }
    ]
  }
]
